brand,commercial_number,csr_type,encoded_emotion,product_brand_keywords,product_cat_name,product_cat_keywords,product_cat_brands,transcript,ocr_text,transcript_superlatives,transcript_comparatives,transcript_unique_words,transcript_superlative_count,transcript_comparative_count,transcript_uniqueness_count,transcript_superlative_pct,transcript_comparative_pct,transcript_uniqueness_pct,transcript_total_bdm_terms_count,transcript_total_bdm_terms_pct,ocr_text_superlatives,ocr_text_comparatives,ocr_text_unique_words,ocr_text_superlative_count,ocr_text_comparative_count,ocr_text_uniqueness_count,ocr_text_superlative_pct,ocr_text_comparative_pct,ocr_text_uniqueness_pct,ocr_text_total_bdm_terms_count,ocr_text_total_bdm_terms_pct,transcript_adj_noun_pairs,transcript_num_adj_noun_pairs,ocr_text_adj_noun_pairs,ocr_text_num_adj_noun_pairs
Audi,AD0252,0.0,0,"sustainable', 'future', 'electric', 'all-electric', 'electrified'",Car Manufacturer,"['Luxurious', 'Efficient', 'Powerful', 'Innovative', 'Strong', 'Spacious',  'Premium', 'Advanced', 'Reliable', 'Dynamic', 'Responsive', 'Safe', 'Robust', 'Easy', 'Transparent', 'Steamlined', 'Worry-free', 'Exceptional', 'Precision', 'Revolutionary', 'Electrifying', 'Hybrid', 'Smart', 'Quiet', 'Fast', 'New', 'Exciting', 'Fuel Efficient', 'Aerodynamic', 'Stylish', 'Durable', 'Versatile',  'Eco-friendly', 'Sustainable', 'Comfortable','Drive', 'Exceed', 'Surpass', 'Outperform',  'Accelerate', 'Control', 'Deliver', 'Optimize', 'Save','Performance', 'Efficiency', 'Power', 'Luxury', 'Precision', 'Technology', 'Room', 'Space', 'Progress', 'Research', 'Help', 'Comfort', 'Durability', 'Handling', 'Responsiveness', 'Safety',  'Aerodynamics', 'Strength', 'Speed', 'Acceleration', 'Torque', 'Engine', 'Midsize', 'Seven-Passenger', 'GPS', 'Emergency Braking', 'Car Finder', 'Pedestrian Detection', 'Remote Start', 'Pricing', 'Stability', 'Control', 'Craftsmanship', 'Reliability', 'Experience', 'Design', 'Miles', 'Snow', 'Snowy', 'Mountain', 'Assurance', 'Exchange', 'Test Drive', 'Innovation', 'Advanced Technology', 'Aerodynamic Design',  'Smart Features', 'Driver Assistance', 'Crash Protection',  'All-Wheel Drive', 'Fuel Economy', 'Electric Powertrain',  'Regenerative Braking', 'Quiet Cabin', 'Premium Interiors',  'Seamless Connectivity', 'Enhanced Suspension', 'LED Headlights']","['Acura', 'AlfaRomeo', 'Audi', 'BMW', 'Buick', 'Cadillac', 'Chevrolet', 'Chrysler', 'Dodge', 'Fiat', 'Ford', 'GeneralMotors', 'Genesis', 'GMC', 'Honda', 'Hyundai', 'Jaguar', 'Jeep', 'Kia', 'Lexus', 'Lincoln', 'Maserati', 'MercedesBenz', 'MINI', 'Nissan', 'Polestar', 'Porsche', 'Ram', 'Toyota']"," Look at you! So dashing! Come on. Nowadays, lots of people go by themselves. No, they don't. Yeah. Hey, son. Have fun tonight. Oh, no! Oh, no! Oh, no! Oh, no! Oh, no! Oh, no! Oh, no! Oh, no! Oh, no! Oh, no! Oh, no! Oh, no! Oh, no! Oh, no! jetzto out and be lovely! The kickbackfale you ham awful We could never give up on you! Dai yooo! Hey! Hey! Oh, no! six play drive mentioned all",'3n Closed course obey speed and traffic PRINCIPAL ONLY PRINCE Bravery Bravery It's what defines us Audi CW Truth in Engineering Away 22 SCORING SUMMARY BALTIMORE REC TD THIS POSTSEASON Art 4 REC TD IN REG SEASON RAVENS,,,,0,0,0,0.0,0.0,0.0,0,0.0,,,ONLY,0,0,1,0.0,0.0,2.5,1,2.5,[],0,[],0
Axe,AD0253,0.0,1,,,,, incredible,WEEP OF ad 5 An ASTRONAUT Unilever NEW APOLLO ENTER BEFORE MIDNIGHT AT AXEAPOLLO COM No purchase Void where Game is by Inc Open lo Ollie DC Beyins 1913a10G00OOPT ends 1 PT rule s visit a,,,,0,0,0,0.0,0.0,0.0,0,0.0,,,,0,0,0,0.0,0.0,0.0,0,0.0,[],0,[],0
BestBuy,AD0254,0.0,0,,Consumer Electronics and Appliances,"['Smart', 'Display', 'Control', 'Touchscreen', 'Wireless', 'Innovative', 'Innovation', 'Advanced', 'Reliable', 'Powerful',  'Integration', 'Cloud', 'Compact', 'Adaptive', 'Efficient', 'Customizable', 'Connectivity', 'Features', 'Performance', 'High-performance', 'Processor', 'AI-powered', 'Interactive', 'Premium', 'Cutting-Edge', 'Future-ready', 'Clarity', 'Solution', 'Portable',  'Bluetooth', 'Charging', 'Responsive', 'Sync']","['BlackBerry', 'Google', 'Intel', 'LGEEAudioVisual', 'MetaforMetaQuest', 'Nintendo', 'SamsungCommunicationMedia', 'SodaStream', 'BeatsbyDrDre', 'MONSTERPRODUCTS', 'Logitech', 'MICROSOFT', 'Mophie', 'Microsoft', 'BestBuy', 'RadioShack']"," Hi, we're answering the questions. What's the heck's the difference between all these phones? What's LTE? Is it contagious? Which one fits my face? Can I use a dongle with this? Does it make you uncomfortable to use a word dongle? I'd use noise caps like so it makes a smart TV so smart. You don't make a mission on anything? Anything. Wanna let your girl go with it? What's the cloud? Where is the cloud? Are we in the cloud now? Well, this one read 50 shades of grey to me in a sexy voice? No. Will you? Thank you, you'd be very helpful. What? Nothing.",88p 4a Novaa Ox 27 CNTRAL T Mobile MAGIC RY MO 4EADPHONES OW PRICE FREE DELIVERY RANTEE ON ALL MOVIES MUSIC HOME APPLIANCES TOP RATED SLR CAMERAS MA WWeeen LAPTOPS 30 LAPTOPS BEST BUY BEST BUY CREATIVITY UR SLEEK AN Screen Images TEST TABLETS HERE THOUSANDS OF EXPERTS IE plebs and cReaders under one fool ARL READY TO HELP BUY c A BEST He BESTE SOLUTION CENTRAL Any E Sprint All puce,,,,0,0,0,0.0,0.0,0.0,0,0.0,,,,0,0,0,0.0,0.0,0.0,0,0.0,"['smart TV', 'sexy voice']",2,['FREE DELIVERY'],1
BlackBerry,AD0255,0.0,0,,Consumer Electronics and Appliances,"['Smart', 'Display', 'Control', 'Touchscreen', 'Wireless', 'Innovative', 'Innovation', 'Advanced', 'Reliable', 'Powerful',  'Integration', 'Cloud', 'Compact', 'Adaptive', 'Efficient', 'Customizable', 'Connectivity', 'Features', 'Performance', 'High-performance', 'Processor', 'AI-powered', 'Interactive', 'Premium', 'Cutting-Edge', 'Future-ready', 'Clarity', 'Solution', 'Portable',  'Bluetooth', 'Charging', 'Responsive', 'Sync']","['BlackBerry', 'Google', 'Intel', 'LGEEAudioVisual', 'MetaforMetaQuest', 'Nintendo', 'SamsungCommunicationMedia', 'SodaStream', 'BeatsbyDrDre', 'MONSTERPRODUCTS', 'Logitech', 'MICROSOFT', 'Mophie', 'Microsoft', 'BestBuy', 'RadioShack']"," love In thirty seconds, it's Quicker to show you what it can't do. The new Blackberry Z10.",Screen images simulated Coming soon lo select US carriers STOP BlackBerry See what it can do at blackberry Hub Sales BlackBerry Trevor See what it can do at blackberry,,Quicker,,0,1,0,0.0,4.3478260869565215,0.0,1,4.3478260869565215,,,,0,0,0,0.0,0.0,0.0,0,0.0,[],0,[],0
Beck's Beer,AD0256,0.0,0,,,,," I like the way you are getting lonely, I gotta bang it up, I like the way you work in, I'm getting lonely, I gotta bang it up, I can't get out of my mouth, I think about the role that's time. Introducing new Beck Sapphire, made with German Sapphire Homs, for our Smithers Beck's here tonight.",BECK BecKS SAPPHIRE BECKS SAPPHIRE MAN SAPPHIRE SMOOTH TASTE HOPS becks Vol BECK SAPPHIRE Ba Sapphire Hoes bEcKs LG BECKS SAPPHIRE RE PS IE REG 769 6 RTG BECKS Ivol becK JR bECKS FT OUR BECK SMOOTHEST Ac BECKS YET SAPPHIRE Always Responsibly 2013 Beck Co Beck MO OUR BECKs SMOOTHEST BECKS YET SAPPHIRE Always Enjoy Responsibly Beck Co Beck SQ Dcor MO,,,,0,0,0,0.0,0.0,0.0,0,0.0,,,,0,0,0,0.0,0.0,0.0,0,0.0,[],0,[],0
Budweiser,AD0257,0.0,0,"taste', 'smooth', 'crisp', 'aged', 'beachwood', 'imported', 'wind power'",Alcoholic beverages (Beer Hard Seltzer),"['smooth', 'rich', 'refreshing', 'aromatic', 'flavorful', 'delicious', 'natural', 'zero', 'complex', 'premium', 'crafted', 'balanced', 'full-bodied', 'organic', 'fit', 'artificial','flavor', 'aroma', 'ingredients', 'quality', 'finish', 'character', 'craftsmanship', 'texture', 'heritage', 'blend', 'notes','bouquet', 'smoothness', 'intensity', 'purity', 'richness', 'tradition', 'complexity', 'corn syrup', 'cals', 'calories', 'carbs', 'protein', 'fat', 'sugar']","['Anheuser Busch InBev', 'Becks Beer', 'Bud Light', 'Budweiser', 'Busch', 'Michelob ULTRA', 'Shock Top', 'Stella Artois', 'BonViv', 'Bud Light Seltzer', 'Cutwater Spirits''Shock Top', 'Stella Artois', 'BonViv', 'Bud Light Seltzer', 'Cutwater Spirits']", We summoned the finest of this nation to help us taste and choose a golden amber logger. The new butwizer black crown. Here's the taste. Here's the our kind of beer. The new smooth and distinctive butwizer black crown.,BLACK U ENJOY RESPONSIBLY A B CROWN LAGER ST Louis MO MACK Lo NEW BLACK CROWN BLACK CROWN,finest,,finest,1,0,1,2.127659574468085,0.0,2.127659574468085,2,4.25531914893617,,,,0,0,0,0.0,0.0,0.0,0,0.0,"['golden amber', 'new butwizer', 'black crown', 'distinctive butwizer', 'black crown']",5,['BLACK U'],1
Budweiser,AD0258,0.0,0,"taste', 'smooth', 'crisp', 'aged', 'beachwood', 'imported', 'wind power'",Alcoholic beverages (Beer Hard Seltzer),"['smooth', 'rich', 'refreshing', 'aromatic', 'flavorful', 'delicious', 'natural', 'zero', 'complex', 'premium', 'crafted', 'balanced', 'full-bodied', 'organic', 'fit', 'artificial','flavor', 'aroma', 'ingredients', 'quality', 'finish', 'character', 'craftsmanship', 'texture', 'heritage', 'blend', 'notes','bouquet', 'smoothness', 'intensity', 'purity', 'richness', 'tradition', 'complexity', 'corn syrup', 'cals', 'calories', 'carbs', 'protein', 'fat', 'sugar']","['Anheuser Busch InBev', 'Becks Beer', 'Bud Light', 'Budweiser', 'Busch', 'Michelob ULTRA', 'Shock Top', 'Stella Artois', 'BonViv', 'Bud Light Seltzer', 'Cutwater Spirits''Shock Top', 'Stella Artois', 'BonViv', 'Bud Light Seltzer', 'Cutwater Spirits']", The loud. The savvy. The famous. It took all of us to taste and choose the new Budweiser Black Crown. Our kind of beer. A golden Amber Lager to match our night. The new smooth and distinctive Budweiser Black Crown. The new Budweiser Black Crown.,1V McTcm Mccnuat Enjoy 02013 A B Buck ST Lours MO B Louie ha Lot NEW BLACK CROWN BLACK CROWN,,,,0,0,0,0.0,0.0,0.0,0,0.0,,,,0,0,0,0.0,0.0,0.0,0,0.0,[],0,[],0
Bud Light,AD0259,0.0,0,"rice', 'hops', 'corn syrup', 'America', 'taste', 'flavor', 'refreshing', 'zero', 'carbs'",Alcoholic beverages (Beer Hard Seltzer),"['smooth', 'rich', 'refreshing', 'aromatic', 'flavorful', 'delicious', 'natural', 'zero', 'complex', 'premium', 'crafted', 'balanced', 'full-bodied', 'organic', 'fit', 'artificial','flavor', 'aroma', 'ingredients', 'quality', 'finish', 'character', 'craftsmanship', 'texture', 'heritage', 'blend', 'notes','bouquet', 'smoothness', 'intensity', 'purity', 'richness', 'tradition', 'complexity', 'corn syrup', 'cals', 'calories', 'carbs', 'protein', 'fat', 'sugar']","['Anheuser Busch InBev', 'Becks Beer', 'Bud Light', 'Budweiser', 'Busch', 'Michelob ULTRA', 'Shock Top', 'Stella Artois', 'BonViv', 'Bud Light Seltzer', 'Cutwater Spirits''Shock Top', 'Stella Artois', 'BonViv', 'Bud Light Seltzer', 'Cutwater Spirits']"," You look a little more gel. That's good luck. Good luck. Welcome to Super Bowl. Who are you, son of a... Wow. Wow. Good luck for fans who do whatever it takes. Here we go.",8243 238 Shon Bar LISNT EuD Ga Gd 1 ta ITS ONLY WEIRD IF IT DOESN'T WORK BUD alt BUD LIGHT ST LOUIS MO,,more,,0,1,0,0.0,2.127659574468085,0.0,1,2.127659574468085,,,ONLY,0,0,1,0.0,0.0,4.166666666666666,1,4.166666666666666,"['more gel', 'good luck', 'Good luck', 'Good luck']",4,[],0
Budweiser,AD0260,0.0,0,"taste', 'smooth', 'crisp', 'aged', 'beachwood', 'imported', 'wind power'",Alcoholic beverages (Beer Hard Seltzer),"['smooth', 'rich', 'refreshing', 'aromatic', 'flavorful', 'delicious', 'natural', 'zero', 'complex', 'premium', 'crafted', 'balanced', 'full-bodied', 'organic', 'fit', 'artificial','flavor', 'aroma', 'ingredients', 'quality', 'finish', 'character', 'craftsmanship', 'texture', 'heritage', 'blend', 'notes','bouquet', 'smoothness', 'intensity', 'purity', 'richness', 'tradition', 'complexity', 'corn syrup', 'cals', 'calories', 'carbs', 'protein', 'fat', 'sugar']","['Anheuser Busch InBev', 'Becks Beer', 'Bud Light', 'Budweiser', 'Busch', 'Michelob ULTRA', 'Shock Top', 'Stella Artois', 'BonViv', 'Bud Light Seltzer', 'Cutwater Spirits''Shock Top', 'Stella Artois', 'BonViv', 'Bud Light Seltzer', 'Cutwater Spirits']"," I took it down. Flung them out and I'm a turned around. We'll have it free to change it, because I feel my love around you. But time may your boulder even chill and get older. Get older, turn around. I'll take it down. And if you see my reflection, it's no cover days. Well, a landslide bring it down.",THREE YEARS LATER AC Coming to Things Budweiser Chicago JV Kc RESPONSIBLY ANHEUSER BEER St Louis MO,,"older, older",,0,2,0,0.0,2.5974025974025974,0.0,2,2.5974025974025974,,,,0,0,0,0.0,0.0,0.0,0,0.0,[],0,[],0
CalvinKlein,AD0261,0.0,0,,Diet and exercise products,"['healthy', 'energizing', 'effective', 'smart', 'natural', 'powerful', 'balanced', 'sustainable', 'lean', 'strong', 'fit', 'active', 'fast-acting', 'long-lasting', 'satisfying', 'revitalizing', 'transformative', 'efficient', 'lightweight', 'flexible', 'durable', 'personalized', 'clean', 'progressive', 'innovative', 'invigorating', 'adaptable', 'dynamic', 'easy', 'portable', 'comprehensive', 'accessible', 'motivating', 'empowering', 'proven', 'safe', 'organic', 'targeted', 'supportive', 'revolutionary', 'advanced', 'scientific', 'energy', 'fitness', 'strength', 'health', 'diet', 'exercise', 'endurance', 'balance', 'performance', 'transformation', 'results', 'recovery', 'flexibility', 'stamina', 'agility', 'metabolism', 'goals', 'progress', 'motivation', 'power', 'weight loss', 'core', 'workout', 'regimen', 'lifestyle', 'vitality', 'training', 'support', 'control', 'focus', 'dedication', 'innovation', 'wellness', 'challenges', 'calories', 'customization', 'inspiration', 'success', 'circulation']","['CalvinKlein', 'Gildan', 'Marmot', 'Skechers', 'VictoriasSecret']", Shitalah! atmospheric in music� up,Calvin Klein Klein Calvin i C 0 N E P T Calvin Klein C 0 N C E P T,,,,0,0,0,0.0,0.0,0.0,0,0.0,,,,0,0,0,0.0,0.0,0.0,0,0.0,[],0,[],0
Carscom,AD0262,0.0,0,,Car Sales & Services Platform,"['easy', 'perfect', 'love', 'expert', 'really', 'found', 'glad', 'finally', 'well', 'reviews', 'drama', 'painless', 'deliver', 'respectful', 'haggled', 'flaky', 'straight', 'checked', 'happy', 'help', 'upsell', 'answers']","['Carvana', 'Vroom', 'Carscom', 'Carmax']"," Cars all yours. Thanks. Cars.com's expert reviews made it easy, but... Should we be in more back in point? You missed the drama, right? Yeah. Maybe this will do the trick. It's a puppy. Not a puppy. A wolf. What now? He's a wolf. And that is a incredibly protective mother. The wolf down. Do you guys good? Okay, we're good. Okay. In the right car, without all the drama, cars.com, all drive, no drama.",cots com Fld ALL DRIVE No drama Gale com,,,,0,0,0,0.0,0.0,0.0,0,0.0,,,,0,0,0,0.0,0.0,0.0,0,0.0,"['protective mother', 'right car']",2,[],0
Century21,AD0263,0.0,0,,,,," We're gonna be one big happy family. Is there a century 21 agent in the house? I'm a century 21 agent. I don't think my fiance is looking forward to moving in with my mother. Can you help us find a nice starter home? Absolutely. Stay calm. There's a century 21 agent in the house, Smart, bold, fastest. Don't worry, I found in my great place just down the block.",SMARTER BOLDER Century Real Estate and BOLDER FASTER are Trademarks By Century Real Estate An Equal Opportunity Company Equal Housing Opportunely Each CENTURY Independently Operated,,,,0,0,0,0.0,0.0,0.0,0,0.0,,,,0,0,0,0.0,0.0,0.0,0,0.0,"['happy family', 'starter home', 'great place']",3,['BOLDER FASTER'],1
CocaCola,AD0264,0.0,0,,Softdrinks,"['refreshing', 'organic', 'fizzy', 'sparkling', 'light', 'invigorating', 'bubbly', 'natural', 'fruity', 'energizing', 'satisfying', 'tropical', 'fresh', 'delicious', 'revitalizing', 'exotic', 'pure', 'tasty', 'healthy', 'nutritious', 'wholesome', 'flavor', 'taste', 'calories', 'sugar', 'vitamins', 'energy', 'ingredients', 'refreshment', 'aroma', 'sweeteners', 'electrolytes', 'quality']","['Bai', 'BUBLY', 'CocaCola', 'DietCoke', 'MiO', 'MountainDew', 'Pepsi', 'Sprite']", I'm not going to die. I'm not going to die. I'm not going to die. I'm not going to die. I'm not going to die. I'm not going to die. I'm not going to die. I'm not going to die. I'm not going to die. I'm not going to die. I'm not going to die. I'm not going to die. I'm not going to die. I'm not going to die.,kcc Cd Cc a Cxl h ojiWbWo1 IoN 10966 N u Me U Cola 7Z64 Keseynylojul are Ea of Cola 49 Ionidai PF AC Do not Edo Ia MILES 50 50 ES Vote now to decide who wins 50,,,,0,0,0,0.0,0.0,0.0,0,0.0,,,,0,0,0,0.0,0.0,0.0,0,0.0,[],0,[],0
CocaCola,AD0265,0.0,0,,Softdrinks,"['refreshing', 'organic', 'fizzy', 'sparkling', 'light', 'invigorating', 'bubbly', 'natural', 'fruity', 'energizing', 'satisfying', 'tropical', 'fresh', 'delicious', 'revitalizing', 'exotic', 'pure', 'tasty', 'healthy', 'nutritious', 'wholesome', 'flavor', 'taste', 'calories', 'sugar', 'vitamins', 'energy', 'ingredients', 'refreshment', 'aroma', 'sweeteners', 'electrolytes', 'quality']","['Bai', 'BUBLY', 'CocaCola', 'DietCoke', 'MiO', 'MountainDew', 'Pepsi', 'Sprite']", I'm getting so excited I'm sitting there I'm getting a little bit I'm giving my little me a little my life Now's the time I'm going to eat So say this time I'm going to eat,SECURITY CAMERAS AROUND WORLD ALSO CAPTURE PEOPLE STEALING MUSIC I 161940 HONEST E C 22 79 1 2 AND POTATO CHIP 029 090324 ATTACKS F FRIENDSHIP UNEXPECTED REMEN AND PEACEFUL H6 451843 LET'S LOOK AT THE WORLD A LITTLE DIFFERENTLY Coke Open Happiness and the Contour Bottle Design are registered trademarks of the Coca Cola Company LET'S LOOK AT THE WORLD A LITTLE DIFFERENTLY 6opeteXapep e GcGdl open happiness,,,,0,0,0,0.0,0.0,0.0,0,0.0,,,,0,0,0,0.0,0.0,0.0,0,0.0,['little bit'],1,"['HONEST E', 'LITTLE DIFFERENTLY', 'LITTLE DIFFERENTLY', 'open happiness']",4
Dodge,AD0266,0.0,0,,Car Manufacturer,"['Luxurious', 'Efficient', 'Powerful', 'Innovative', 'Strong', 'Spacious',  'Premium', 'Advanced', 'Reliable', 'Dynamic', 'Responsive', 'Safe', 'Robust', 'Easy', 'Transparent', 'Steamlined', 'Worry-free', 'Exceptional', 'Precision', 'Revolutionary', 'Electrifying', 'Hybrid', 'Smart', 'Quiet', 'Fast', 'New', 'Exciting', 'Fuel Efficient', 'Aerodynamic', 'Stylish', 'Durable', 'Versatile',  'Eco-friendly', 'Sustainable', 'Comfortable','Drive', 'Exceed', 'Surpass', 'Outperform',  'Accelerate', 'Control', 'Deliver', 'Optimize', 'Save','Performance', 'Efficiency', 'Power', 'Luxury', 'Precision', 'Technology', 'Room', 'Space', 'Progress', 'Research', 'Help', 'Comfort', 'Durability', 'Handling', 'Responsiveness', 'Safety',  'Aerodynamics', 'Strength', 'Speed', 'Acceleration', 'Torque', 'Engine', 'Midsize', 'Seven-Passenger', 'GPS', 'Emergency Braking', 'Car Finder', 'Pedestrian Detection', 'Remote Start', 'Pricing', 'Stability', 'Control', 'Craftsmanship', 'Reliability', 'Experience', 'Design', 'Miles', 'Snow', 'Snowy', 'Mountain', 'Assurance', 'Exchange', 'Test Drive', 'Innovation', 'Advanced Technology', 'Aerodynamic Design',  'Smart Features', 'Driver Assistance', 'Crash Protection',  'All-Wheel Drive', 'Fuel Economy', 'Electric Powertrain',  'Regenerative Braking', 'Quiet Cabin', 'Premium Interiors',  'Seamless Connectivity', 'Enhanced Suspension', 'LED Headlights']","['Acura', 'AlfaRomeo', 'Audi', 'BMW', 'Buick', 'Cadillac', 'Chevrolet', 'Chrysler', 'Dodge', 'Fiat', 'Ford', 'GeneralMotors', 'Genesis', 'GMC', 'Honda', 'Hyundai', 'Jaguar', 'Jeep', 'Kia', 'Lexus', 'Lincoln', 'Maserati', 'MercedesBenz', 'MINI', 'Nissan', 'Polestar', 'Porsche', 'Ram', 'Toyota']"," And on the eighth day, God looked down on His plan paradise and said, I need a character. So God made a farmer. God said, I need somebody willing to get up before dawn. Milk cows work all day in the fields. Milk cows again. Each sufferer then go to town and stay fast and midnight at a meeting of the school board. So God made a farmer. God said, I need somebody willing to sit up all night with a newborn cold and watch it die and dry his eyes and say, maybe next year. I need somebody who can shape an example for him and sprout. She'll a horse with a hunk of car tire who can make harness out of hay, wire feed, sex and shoes, grass. The planting time and harvest season will finish his 40 hour week by Tuesday noon and then pain in from tractor back, put in another 72 hours. So God made a farmer. God said, I need somebody strong enough to clear trees and give males, gentle enough to yeen lambs and wean pigs and tend to think foam bullets who will stop his mower for an hour to split the broken leg of a metal art. So God made a farmer. It had to be somebody who had plowed deep and straight and not cut corners. Somebody to see if we'd feed breed and break and disc and plow and plant and tie the fleece and strain the milk. Somebody would bail a family together with us off strong bonds of sharing. They would laugh and unsy and then reply with smiling eyes when his son says that he wants to spend his life doing what dad does. So God made a farmer.",Paul Harvey Ia 600 CASE Group SALES Smoked Sausage 500 Italian 600 To the farmer in all of uS GUTS RAMA GUTS RAM com Reerpiotiag 3 Sn GUTS RAM trademark of Chrysler Group The FFA emblem is a registered trademark of the National FFA Organization and used under license,,,,0,0,0,0.0,0.0,0.0,0,0.0,,,,0,0,0,0.0,0.0,0.0,0,0.0,"['eighth day', 'newborn cold', 'next year', 'broken leg', 'strong bonds']",5,"['GUTS RAM', 'registered trademark']",2
Doritos,AD0267,0.0,0,,Snacks,"['artificial', 'zero', 'refreshing', 'organic', 'crispy', 'crunchy', 'delicious', 'tasty', 'satisfying', 'flavorful', 'fresh', 'spicy', 'hot', 'light', 'creamy', 'natural', 'handcrafted', 'baked', 'roasted', 'smoky', 'glazed', 'irresistible', 'convenient', 'healthy', 'nutritious', 'wholesome', 'new','calories', 'carbs', 'fat', 'flavor', 'sugar', 'quality', 'protein', 'taste', 'ingredients', 'nutrients', 'energy', 'texture', 'crunch', 'aroma', 'variety', 'balance', 'recipe', 'fiber', 'vitamins', 'minerals', 'packaging', 'satisfaction', 'indulgence', 'convenience', 'seasoning', 'coating', 'filling', 'topping', 'ranch', '3D']","['Butterfinger', 'Cheerios', 'Cheetos', 'Chobani', 'Dannon', 'DEVOUR', 'Doritos', 'Heinz', 'HellmannsMayonnaise', 'KingsHawaiian', 'Kraft', 'Lays', 'MANDMs', 'Nestle', 'Oreo', 'Planters', 'Poptarts', 'Pringles', 'Reeses', 'SabraHummus', 'Skittles', 'Snickers', 'WonderfulPistachios']"," That he can even paint a special door for me. Sweetheart, I'd love to, but the guys, they're outside meeting for me. That's what he does. See you, one is the whole stuff. Don't be afraid of me, don't be afraid of me. Don't be afraid of me, don't be afraid of me. Is that my wedding dress? It could be. Is that my wedding dress? It could be.",Doritos Doritos Che 6 3l Doif Dorito Nacho Doritos an,,,,0,0,0,0.0,0.0,0.0,0,0.0,,,,0,0,0,0.0,0.0,0.0,0,0.0,"['special door', 'whole stuff']",2,[],0
Doritos,AD0268,0.0,0,,Snacks,"['artificial', 'zero', 'refreshing', 'organic', 'crispy', 'crunchy', 'delicious', 'tasty', 'satisfying', 'flavorful', 'fresh', 'spicy', 'hot', 'light', 'creamy', 'natural', 'handcrafted', 'baked', 'roasted', 'smoky', 'glazed', 'irresistible', 'convenient', 'healthy', 'nutritious', 'wholesome', 'new','calories', 'carbs', 'fat', 'flavor', 'sugar', 'quality', 'protein', 'taste', 'ingredients', 'nutrients', 'energy', 'texture', 'crunch', 'aroma', 'variety', 'balance', 'recipe', 'fiber', 'vitamins', 'minerals', 'packaging', 'satisfaction', 'indulgence', 'convenience', 'seasoning', 'coating', 'filling', 'topping', 'ranch', '3D']","['Butterfinger', 'Cheerios', 'Cheetos', 'Chobani', 'Dannon', 'DEVOUR', 'Doritos', 'Heinz', 'HellmannsMayonnaise', 'KingsHawaiian', 'Kraft', 'Lays', 'MANDMs', 'Nestle', 'Oreo', 'Planters', 'Poptarts', 'Pringles', 'Reeses', 'SabraHummus', 'Skittles', 'Snickers', 'WonderfulPistachios']", You Youろ外 Just MoreORY,Nacho Goat Sale Doritos Do DGtos LC Io Doritos Doritos Joritos Joritos Joritos Jor Joritos nor 42 bags later THE NEXT DAY Joritos GOAT GOAT Don Wt Do ch e Jros,,,,0,0,0,0.0,0.0,0.0,0,0.0,,,,0,0,0,0.0,0.0,0.0,0,0.0,[],0,['NEXT DAY'],1
ETRADE,AD0269,0.0,0,,Banking & Investments,"['secure', 'reliable', 'customized', 'personalized', 'easy', 'quick', 'convenient', 'safe', 'simple', 'comfortable', 'helpful', 'smart', 'trusted', 'innovative', 'efficient',  'trust', 'growth', 'savings', 'opportunities', 'returns', 'portfolio', 'strategy', 'innovation', 'convenience', 'expertise', 'performance', 'risk management', 'efficiency', 'mortgage', 'loan', 'confidence', 'credit', 'future', 'time', 'refund', 'expenses', 'reimbursement', 'on demand', 'fees', 'comfort', 'help', 'support', 'experts', 'advice', 'cpa', 'payments', 'interest', 'confidence',  'save', 'diversify', 'grow']","['BankofAmerica', 'Coinbase', 'Cryptocom', 'Discover', 'eToro', 'ETRADE', 'EXPENSIFY', 'FTX', 'Greenlight', 'GuaranteedRate', 'Intuit', 'Klarna', 'PayPal', 'QuickenLoans', 'Robinhood', 'RocketHomesAndRocketMortgage', 'ROCKETMORTGAGE', 'SoFi', 'SunTrust', 'TurboTax', 'HANDRBlock', 'TurboTax', 'Intuit', 'Rakuten']"," Now this is tragic man. Investors just like you could lose tens of thousands of dollars on their 401k to hidden fees Thankfully, E-Trade has low cost investments and no hidden fees, but you know if you're still bent on blowing this fat stack of cash There's a couple ways you could do it Or just go to E-Trade and save it boom",independent zyvaydevendlngon Professional stunts E LESS FOR US MORE FOR YOU com You must be years to open an account Securities products and services are offered by Securities Member System response and account access times 02013 Financial Corporation,,,,0,0,0,0.0,0.0,0.0,0,0.0,,MORE,,0,1,0,0.0,2.631578947368421,0.0,1,2.631578947368421,"['tragic man', 'low cost', 'fat stack']",3,[],0
Gildan,AD0270,0.0,0,,Diet and exercise products,"['healthy', 'energizing', 'effective', 'smart', 'natural', 'powerful', 'balanced', 'sustainable', 'lean', 'strong', 'fit', 'active', 'fast-acting', 'long-lasting', 'satisfying', 'revitalizing', 'transformative', 'efficient', 'lightweight', 'flexible', 'durable', 'personalized', 'clean', 'progressive', 'innovative', 'invigorating', 'adaptable', 'dynamic', 'easy', 'portable', 'comprehensive', 'accessible', 'motivating', 'empowering', 'proven', 'safe', 'organic', 'targeted', 'supportive', 'revolutionary', 'advanced', 'scientific', 'energy', 'fitness', 'strength', 'health', 'diet', 'exercise', 'endurance', 'balance', 'performance', 'transformation', 'results', 'recovery', 'flexibility', 'stamina', 'agility', 'metabolism', 'goals', 'progress', 'motivation', 'power', 'weight loss', 'core', 'workout', 'regimen', 'lifestyle', 'vitality', 'training', 'support', 'control', 'focus', 'dedication', 'innovation', 'wellness', 'challenges', 'calories', 'customization', 'inspiration', 'success', 'circulation']","['CalvinKlein', 'Gildan', 'Marmot', 'Skechers', 'VictoriasSecret']"," Together, we will be lots of friends involved Join us forrz loads of business To be continued decided",Rd Mt Sid IT'S ABOUT TIME YOU HAD FAVORITE T SHIRT EVERY THREAD COUNTS,,,,0,0,0,0.0,0.0,0.0,0,0.0,,,,0,0,0,0.0,0.0,0.0,0,0.0,['forrz loads'],1,['FAVORITE T'],1
GoDaddy,AD0271,0.0,0,,Web Services and Digital Solutions,"['innovative', 'reliable', 'secure', 'intuitive', 'scalable', 'user-friendly', 'customizable', 'efficient', 'powerful', 'seamless', 'flexible', 'responsive', 'affordable', 'fast', 'dynamic', 'accessible', 'comprehensive', 'versatile', 'robust', 'cutting-edge', 'modern', 'advanced', 'adaptive', 'dependable', 'trustworthy', 'streamlined', 'integrated', 'interactive', 'creative', 'effective', 'professional', 'tailored', 'effortless', 'collaborative', 'empowering', 'engaging',  'strategic', 'innovation', 'reliability', 'security', 'scalability', 'customization', 'efficiency', 'power', 'performance', 'speed', 'accessibility', 'integration', 'solutions', 'tools', 'platform', 'automation', 'connectivity', 'control', 'flexibility', 'usability', 'functionality', 'support', 'strategy', 'features', 'optimization', 'analytics', 'growth', 'marketing', 'hosting', 'domains', 'design', 'experience', 'collaboration', 'engagement', 'outreach', 'traffic', 'content', 'results', 'management', 'visibility', 'creativity', 'interoperability']","['GoDaddy', 'Google', 'Salesforce', 'Squarespace', 'Wixcom']"," There are two sides to go to Eddie. There's the sexy side represented by Barra Fieli, and the smart side that creates a killer website for your small business represented by Walter. Together, they're perfect. Get your domain in website at godeddy.com.",Ga Daddy COM Jkiss WHEN SEXY MEETS SMART YOUR SMALL BUSINESS SCORES Jkiss GET YOUR DOMAIN AND WEBSITE Go Daddycos SEE MORE NOW AT,,,,0,0,0,0.0,0.0,0.0,0,0.0,,MORE,,0,1,0,0.0,4.166666666666666,0.0,1,4.166666666666666,"['sexy side', 'smart side', 'small business']",3,[],0
